| STUDENT_ID | USER_ID        | FIRSTNAME   | LASTNAME       | EMAIL                   |
|   10258851 | aistroped      | Daniel      | Aistrope       | aistroped@umkc.edu      |
|   01052832 | banderasj      | Julie       | Banderas       | banderasj@umkc.edu      |
|   01000107 | benevidesj     | James       | Benevides      | BenevidesJ@umkc.edu     |
|   10222304 | bennettse      | Susan       | Bennett        | bennettse@umkc.edu      |
|   01000749 | berkell        | Laverne     | Berkel         | BerkelL@umkc.edu        |
|   08273168 | braiucas       | Stacy       | Braiuca        | braiucas@umkc.edu       |
|   01048504 | brianm         | Mitchell    | Brian          | brianm@umkc.edu         |
|   01004414 | burrise        | Edwin       | Burris         | BurrisE@umkc.edu        |
|   16079393 | cafpr3         | Christopher | Fowler         | cafpr3@mail.umkc.edu    |
|   10246393 | carusoan       | Anthony     | Caruso         | carusoan@umkc.edu       |
|   01005737 | chaudhryg      | Ghulam      | Chaudhry       | ChaudhryG@umkc.edu      |
|   10228918 | colbertsl      | Sharon      | Colbert        | colbertsl@umkc.edu      |
|   10266401 | coldironj      | Jennifer    | Coldiron       | coldironj@umkc.edu      |
|   01007616 | deinesd        | Donna       | Deines         | DeinesD@umkc.edu        |
|   01031133 | delawarer      | Richard     | Delaware       | DelawareR@umkc.edu      |
|   01001073 | dilkss         | Stephen     | Dilks          | DilksS@umkc.edu         |
|   01037716 | diminoc        | Carrie      | Dimino         | diminoc@umkc.edu        |
|   08268272 | dosscr         | Crystal     | Doss           | dosscr@umkc.edu         |
|   01002356 | drewa          | Andrea      | Drew           | DrewA@umkc.edu          |
|   01025747 | elledgesa      | Sally       | Elledge        | elledgesa@umkc.edu      |
|   10264736 | ellisclaypoolj | Janis       | Ellis-Claypool | ellisclaypoolj@umkc.edu |
|   08251127 | erviek         | Katherine   | Ervie          | erviek@umkc.edu         |
|   07192067 | fenemorestreul | Lori        | Fenemore-Streu | fenemorestreul@umkc.edu |
|   10246906 | finchamj       | Jack        | Fincham        | finchamj@umkc.edu       |
|   01018945 | fosterde       | Deborah     | Foster         | FosterDE@umkc.edu       |
|   10199663 | ganesht        | Ganesh      | Thiagarajan    | ganesht@umkc.edu        |
|   10197303 | gerkovichm     | Mary        | Gerkovich      | gerkovichm@umkc.edu     |
|   01051910 | griffithst     | R           | Griffith       | griffithst@umkc.edu     |
|   08326234 | grimesa        | Amanda      | Grimes         | GrimesA@umkc.edu        |
|   01012947 | grindstaffr    | Regina      | Grindstaff     | grindstaffr@umkc.edu    |
|   10251294 | halmenc        | Ceki        | Halmen         | halmenc@umkc.edu        |
|   02252972 | hamptonjp      | Jeremy      | Hampton        | hamptonjp@umkc.edu      |
|   10266567 | hardiej        | Jessica     | Hardie         | hardiej@umkc.edu        |
|   01030596 | hareb          | Brian       | Hare           | hareb@umkc.edu          |
|   10246871 | idnurma        | Alexander   | Idnurm         | idnurma@umkc.edu        |
|   16155038 | jfwbd          | Jacob       | Funk           | jfwbd@mail.umkc.edu     |
|   01006003 | kilwayk        | Kathleen    | Kilway         | kilwayk@umkc.edu        |
|   10222624 | kirkpatrickk   | Kevin       | Kirkpatrick    | kirkpatrickk@umkc.edu   |
|   10241446 | kuehlp         | Peggy       | Kuehl          | kuehlp@umkc.edu         |
|   10180711 | lixianp        | Xianping    | Li             | lixianp@umkc.edu        |
|   10241665 | marszalekj     | Jacob       | Marszalek      | marszalekj@umkc.edu     |
|   10222653 | martincw       | Clancy      | Martin         | martincw@umkc.edu       |
|   10267023 | masud          | Masud       | Chowdhury      | masud@umkc.edu          |
|   10251169 | mitchellli     | Linda       | Mitchell       | mitchellli@umkc.edu     |
|   01001370 | murdocktb      | Tamera      | Murdock        | MurdockT@umkc.edu       |
|   12162675 | nybergg        | Ginny       | Nyberg         | nybergg@umkc.edu        |
|   10258266 | pattersonmar   | Mark        | Patterson      | pattersonmar@umkc.edu   |
|   01030083 | pirottem       | Mary        | Pirotte        | PirotteM@umkc.edu       |
|   12042859 | raopr          | Praveen     | Rao            | raopr@umkc.edu          |
|   01029942 | rasmussenl     | Lynn        | Rasmussen      | RasmussenL@umkc.edu     |
|   10271323 | rudakovf       | Fedor       | Rudakov        | rudakovf@umkc.edu       |
|   10243375 | ruehtervl      | Valerie     | Ruehter        | RuehterVL@umkc.edu      |
|   01007550 | selfs          | Sharon      | Self           | selfs@umkc.edu          |
|   10269172 | semarger       | Renee       | Semarge        | semarger@umkc.edu       |
|   01029782 | shad           | Shad        | Dowlatshahi    | Shad@umkc.edu           |
|   01004061 | shenx          | Xiaojun     | Shen           | ShenX@umkc.edu          |
|   10247291 | shiua          | Anthony     | Shiu           | shiua@umkc.edu          |
|   10199404 | simmerbeckm    | Melanie     | Simmer-Beck    | simmerbeckm@umkc.edu    |
|   10230513 | songmi         | Michael     | Song           | songmi@umkc.edu         |
|   10256244 | tuftsj         | Jennifer    | Tufts          | tuftsj@umkc.edu         |
|   01033110 | vargol         | Lyn         | Vargo          | VargoL@umkc.edu         |
|   01030602 | villalpandot   | Tanya       | Mitchell       | VillalpandoT@umkc.edu   |
|   10262873 | vonnahmeg      | Greg        | Vonnahme       | vonnahmeg@umkc.edu      |
|   02253007 | wombwelle      | Eric        | Wombwell       | wombwelle@umkc.edu      |
|   10053425 | youngkel       | Kelley      | Young          | youngkel@umkc.edu       |
|   10199657 | zimmermancm    | Christine   | Zimmerman      | zimmermancm@umkc.edu    |
