USER_ID,"FIRSTNAME""","LASTNAME""","EMAIL"""
cjsctd,Chelsea,Snodgrass,cjsctd@mail.umkc.edu
mcpkv5,Melissa,Palmer,melissapalmer@mail.umkc.edu
mjff25,Mariam,Farooqui,mariamfarooqui@mail.umkc.edu
nds1c9,Neha,Shah,neha.shah@mail.umkc.edu
sra62f,Stephen,Andrews,stephen.andrews@mail.umkc.edu
ada972,Alaina,Asbury,ada972@mail.umkc.edu
admfwc,Amy,Moore,admfwc@mail.umkc.edu
akgth2,Amanda,Gingras,akgth2@mail.umkc.edu
csrp86,Chelsea,Rabbass,csrp86@mail.umkc.edu
dpbzb,Derek,Pilla,dpbzb@mail.umkc.edu
err359,Elizabeth,Rodman,err359@mail.umkc.edu
gapdkc1,Grace,Prewitt,gapdkc@mail.umkc.edu
hk5db,Susan,Kim,hk5db@mail.umkc.edu
hmphbf,Haley,Palmer,hmphbf@mail.umkc.edu
hnsn65,Heather,Buehrer,hnsn65@mail.umkc.edu
hntwv8,Hang,Truong,hntwv8@mail.umkc.edu
jabyrd,Joseph,Bonebrake,jabyrd@mail.umkc.edu
jdexv3,Jeremy,Eutsler,jdexv3@mail.umkc.edu
jdmhv2,John,McGuire,jdmhv2@mail.umkc.edu
jmdkdb,Jacob,Decelles,jmdkdb@mail.umkc.edu
jmpcp6,Janessa,Paden,jmpcp6@mail.umkc.edu
js33d,Jacob,Sumner,js33d@mail.umkc.edu
kamk72,Kody,Merwine,kamk72@mail.umkc.edu
kbpt46,Kristin,Peterson,kbpt46@mail.umkc.edu
kemqc,Kelsi,Ezell,kemqc@mail.umkc.edu
kepn6,Kathryn,Everly,kepn6@mail.umkc.edu
klmxz5,Kameron,DeMott,klmxz5@mail.umkc.edu
kmbg33,Kathryn,Burnett,kmbg33@mail.umkc.edu
krj2n8,Kayla,Joyner,krj2n8@mail.umkc.edu
lccpn6,Lori,Rio,lccpn6@mail.umkc.edu
lckcp2,Lara,Kerwin,lckcp2@mail.umkc.edu
lma359,Lauren,Aversman,lma359@mail.umkc.edu
lmrfyb,Ashley,Reller,lmrfyb@mail.umkc.edu
lmt266,Lauren,Titterington,lmt266@mail.umkc.edu
maggm8,Melissa,Gaul,maggm8@mail.umkc.edu
mjff25,Mariam,Farooqui,mariamfarooqui@mail.umkc.edu
mavn87,Miranda,Verdier,mavn87@mail.umkc.edu
mcmn8,Ma,Chu,mcmn8@mail.umkc.edu
mcygf3,Malissa,Yang,mcygf3@mail.umkc.edu
mec423,Megan,Chittum,mec423@mail.umkc.edu
mek6y5,Morgan,Kohls,mek6y5@mail.umkc.edu
mcpkv5,Melissa,Palmer,melissapalmer@mail.umkc.edu
mlbgd4,Maggie,Bruce,mlbgd4@mail.umkc.edu
mmcppf,Megan,Crist,mmcppf@mail.umkc.edu
nfa5f9,Naaseha,Amir,nfa5f9@mail.umkc.edu
nmeb6f,Noha,Elbermawy,nmeb6f@mail.umkc.edu
pamg25,Paige,Melling,pamg25@mail.umkc.edu
rzw4g2,Richard,Wu,rzw4g2@mail.umkc.edu
rzw4g21,Richard,Wu,rzw4g2@mail.umkc.edu
sepfz2,Stephanie,Paul,sepfz2@mail.umkc.edu
sftf3,Sarah,Fritz,sftf3@mail.umkc.edu
smaym8,Soumar,Arzouni,smaym8@mail.umkc.edu
sngc7d,Samantha,Gripka,sngc7d@mail.umkc.edu
sssfcc,Sara,Schulz,sssfcc@mail.umkc.edu
tdp7td,Tan,Pham,tdp7td@mail.umkc.edu
tk33d,Tara,Ketchum,tk33d@mail.umkc.edu
ye9n5,Yuna,Eun,ye9n5@mail.umkc.edu
